商品編號,規    格,顏色,中分類,單位
28010010,菠菜,,801,斤
28010011,菠菜-250g,,801,包
28010012,菠菜-300g,,801,包
28010020,A菜,,801,斤
28010021,A菜-250g,,801,包
28010022,A菜-300g,,801,包
28010030,青江菜,,801,斤
28010031,青江菜-250g,,801,包
28010032,青江菜-300g,,801,包
28010040,小松菜,,801,斤
28010041,小松菜-250g,,801,包
28010042,小松菜-300g,,801,包
28010043,小松菜-300g,,801,包
28010050,阿麗白菜,,801,斤
28010051,阿麗白菜-250g,,801,包
28010060,三鳳白菜,,801,斤
28010061,三鳳白菜-250g,,801,包
28010070,黑葉白菜,,801,斤
28010071,黑葉白菜-250g,,801,包
28010072,黑葉白菜-300g,,801,包
28010080,農友二號(牛奶白菜),,801,斤
28010081,農友二號(牛奶白菜)-250g,,801,包
28010090,青莧菜,,801,斤
28010091,青莧菜-250g,,801,包
28010100,尖葉莧菜,,801,斤
28010101,尖葉莧菜-250g,,801,包
28010110,空心菜（竹葉）,,801,斤
28010111,空心菜（竹葉）-250g,,801,包
280101130    -8,芥菜,,801,斤
28010120,茼蒿,,801,斤
28010121,茼蒿-250g,,801,包
28010130,山茼蒿,,801,斤
28010131,山茼蒿-250g,,801,包
28010140,福山萵苣,,801,斤
28010141,福山萵苣-600g,,801,包
28010142,福山萵苣-300g,,801,包
28010143,福山萵苣-250g,,801,包
28010150,蘿美萵苣,,801,斤
28010151,蘿美萵苣-600g,,801,包
28010152,蘿美萵苣-250g,,801,包
28010160,紅鳳菜,,801,斤
28010161,紅鳳菜-250g,,801,包
28010170,皇宮菜,,801,斤
28010171,皇宮菜-250g,,801,包
28010180,龍鬚菜,,801,斤
28010181,龍鬚菜-250g,,801,包
28010182,龍鬚菜-300g,,801,包
28010190,地瓜葉,,801,斤
28010191,地瓜葉-250g,,801,包
28010192,地瓜葉-300g,,801,包
28010200,過貓,,801,斤
28010201,過貓-250g,,801,包
28010210,韭菜,,801,斤
28010211,韭菜-250g,,801,包
28010220,麻薏,,801,斤
28010230,蔥,,801,斤
28010231,蔥-250g,,801,包
28010232,蔥-350g,,801,包
28010233,蔥-125g,,801,包
28010234,蔥-150g,,801,包
28010240,蒜,,801,斤
28010241,蒜-250g,,801,包
28010250,芹菜,,801,斤
28010251,芹菜-250g,,801,包
28010260,九層塔,,801,斤
28010261,九層塔-50g,,801,包
28010262,九層塔-120g,,801,包
28010270,香菜,,801,斤
28010271,香菜-60克,,801,包
28010280,刺蔥,,801,斤
28010281,刺蔥,,801,克
28010290,高麗菜,,801,斤
28010291,高麗菜-1200g,,801,包
28010292,高麗菜-900g,,801,包
28010293,高麗菜-600g,,801,包
28010294,高麗菜-300g,,801,包
28010295,高麗菜-1500g,,801,包
28010296,高麗菜,,801,顆
28010300,結頭菜-重複（使用28030810）,,801,斤
28010301,結頭菜-900g 重複-使用28030811,,801,包
28010302,結頭菜-1200g重複-使用28030812,,801,包
28010303,結頭菜-600g重複-使用28030813,,801,包
28010304,結頭菜-450g重複-使用28030814,,801,包
28010310,青花椰菜,,801,斤
28010311,青花椰菜-600g,,801,包
28010312,青花椰菜-1200g,,801,包
28010313,青花椰菜-300g,,801,包
28010320,白花椰菜,,801,斤
28010321,白花椰菜-600g,,801,包
28010322,白花椰菜-300g,,801,包
28010330,甜菜根,,801,斤
28010340,包心白菜,,801,斤
28010341,包心白菜-600g,,801,包
28010342,包心白菜-900g,,801,包
28010343,包心白菜-300g,,801,包
28010344,包心白菜-1200g,,801,包
28010345,包心白菜-1500g,,801,包
28010350,包心芥菜,,801,斤
28010351,包心芥菜-600g,,801,包
28010352,包心芥菜-1200g,,801,包
28010353,包心芥菜-900g,,801,包
28010360,紅橡生菜,,801,斤
28010370,紅捲萵苣,,801,斤
28010380,山芹菜,,801,斤
28010381,山芹菜-250克,,801,包
28010390,芥藍菜,,801,斤
28010391,芥藍菜-250g,,801,包
28010392,芥藍菜-600g,,801,包
28010400,油菜,,801,斤
28010401,油菜-250g,,801,包
28010410,白菜,,801,斤
28010411,白菜-250g,,801,包
28010412,白菜-300g,,801,包
28010420,綠火焰生菜,,801,斤
28010430,紅火焰生菜,,801,斤
28010440,鹿角萵苣,,801,斤
28010441,鹿角萵苣-600克,,801,包
28010442,鹿角萵苣-250克,,801,包
28010443,紅鹿角萵苣,,801,斤
28010444,綠鹿角萵苣,,801,斤
28010450,紫甘藍,,801,斤
28010451,紫甘藍-250g,,801,包
28010452,紫甘藍-900g,,801,包
28010460,蘿蔔葉,,801,斤
28010470,山東大白菜,,801,斤
28010471,山東大白菜-2400g,,801,包
28010480,綠橡生菜,,801,斤
28010481,綠橡萵苣,,801,斤
28010490,牛奶萵苣,,801,斤
28010500,紅珊瑚生菜,,801,斤
28010510,紅莧菜,,801,斤
28010511,紅莧菜-250g,,801,包
28010520,紫衣白菜,,801,斤
28010530,牛奶白菜,,801,斤
28010531,牛奶白菜-250g,,801,包
28010540,羽衣甘藍,,801,斤
28010550,芝麻葉,,801,斤
28010560,日本香菜-重複(使用28010840）,,801,斤
28010570,波斯頓萵苣,,801,斤
28010580,爽綠早生京水菜,,801,斤
28010590,茴香,,801,斤
28010600,天美白菜,,801,斤
28010610,蚵白菜,,801,斤
28010620,烤肉A菜,,801,斤
28010630,皺葉A菜,,801,斤
28010640,冰花,,801,斤
28010650,綠捲生菜,,801,斤
28010660,菊苣生菜,,801,斤
28010661,菊苣生菜-600g,,801,包
28010670,青花筍,,801,斤
28010671,青花筍-600g,,801,包
28010680,日本茼萵,,801,斤
28010690,狗母菜,,801,斤
28010700,豆苗菜,,801,斤
28010701,豆苗菜-250g,,801,包
28010710,水芹菜,,801,斤
28010720,芥藍花菜,,801,斤
28010721,芥藍花菜-600g,,801,包
28010730,野莧菜,,801,斤
28010740,孢子甘藍,,801,斤
28010750,黑葉芥藍,,801,斤
28010760,水蕹菜,,801,斤
28010770,韓國芝麻葉,,801,克
28010780,甜蘿蔓萵苣,,801,斤
28010781,甜蘿蔓萵苣-250g,,801,包
28010790,紫葉萵苣,,801,斤
28010800,綠葉萵苣,,801,斤
28010801,綠葉萵苣-250g,,801,包
28010810,結球萵苣,,801,斤
28010820,塔菇菜,,801,斤
28010830,明日葉,,801,斤
28010840,日本香菜(刺芫荽),,801,斤
28010850,甜羅勒,,801,斤
28010860,明泉萵苣,,801,斤
28010870,空心菜(白骨),,801,斤
28010871,空心菜(白骨)-250g,,801,包
28010880,紅翠萵苣,,801,斤
28010881,紅翠萵苣-250g,,801,包
28010890,翠花萵苣,,801,斤
28010891,翠花萵苣-250g,,801,包
28010900,綠海萵苣,,801,斤
28010901,綠海萵苣-250g,,801,包
28010910,紅珊瑚萵苣,,801,克
28010911,紅珊瑚萵苣-250g,,801,包
28010920,冠軍蘿蔓,,801,斤
28010921,冠軍蘿蔓-250g,,801,包
28010930,翠妹萵苣,,801,斤
28010931,翠妹萵苣-250g,,801,包
28010940,西洋芹,,801,斤
28011000,高麗菜苗,,801,斤
28020010,樹葡萄,,802,斤
28020011,樹葡萄600g,,802,盒
28020012,樹葡萄(冷凍),,802,斤
28020013,樹葡萄300g,,802,盒
28020014,樹葡萄　　,,802,公斤
28020020,玉女小番茄,,802,斤
28020021,玉女小番茄600g/盒,,802,盒
28020030,黑柿番茄,,802,斤
28020040,火龍果(白),,802,斤
28020041,火龍果(白)-2斤,,802,包
28020042,火龍果(白)-5斤,,802,箱
28020043,火龍果(白) -1斤,,802,包
28020044,火龍果(白) -450g,,802,包
28020045,火龍果(白)-900g,,802,包
28020050,火龍果(紅),,802,斤
28020051,火龍果(紅)-2斤,,802,包
28020052,火龍果(紅)-5斤,,802,箱
28020053,火龍果(紅)-3斤,,802,包
28020054,火龍果(紅)-1.5斤,,802,包
28020055,火龍果(紅)-1斤,,802,包
28020056,火龍果(紅)-450g,,802,包
28020057,火龍果(紅)-300g,,802,包
28020058,火龍果(白)-300g,,802,包
28020060,草莓,,802,斤
28020061,甘王草莓,,802,斤
28020062,白草莓,,802,斤
28020063,枥木天空草莓,,802,斤
28020064,白草莓,,802,斤
28020065,香水草莓-200g,,802,盒
28020066,香水草莓,,802,斤
28020067,香水草莓-次級,,802,斤
28020068,次級香水草莓-200g,,802,盒
28020070,無花果,,802,斤
28020080,桑葚,,802,斤
28020090,黃金果,,802,斤
28020091,黃金果-5斤,,802,箱
28020092,黃金果-600g,,802,包
28020093,黃金果-300g,,802,包
28020094,黃金果-1斤,,802,斤
28020095,黃金果-1200g,,802,包
28020100,百香果,,802,斤
28020101,百香果-600g,,802,袋
28020110,香蕉,,802,斤
28020111,香蕉-600g,,802,包
28020112,香蕉-1200g,,802,包
28020120,美人蕉,,802,斤
28020130,檸檬,,802,斤
28020131,檸檬-600g,,802,包
28020132,檸檬-350g,,802,包
28020133,檸檬-450g,,802,包
28020134,檸檬-250g,,802,包
28020135,檸檬 400g,,802,包
28020136,檸檬-300g,,802,包
28020140,香水檸檬,,802,斤
28020150,愛玉,,802,斤
28020160,奇異果,,802,斤
28020170,咖啡,,802,斤
28020180,葡萄,,802,斤
28020190,橄欖,,802,斤
28020200,洋香瓜,,802,斤
28020210,巨峰葡萄,,802,
28020220,蓮霧,,802,斤
28020230,酪梨,,802,斤
28020240,芭樂（白）,,802,斤
28020250,橙蜜香-黃小番茄,,802,斤
28020260,津香木瓜-重複-使用28020330,,802,斤
28020270,芭樂（紅）,,802,斤
28020280,大西瓜（紅）,,802,斤
28020290,長楕圓西瓜（紅）,,802,斤
28020300,洛神花（含籽）,,802,斤
28020301,洛神花（去籽）,,802,斤
28020310,木鱉果,,802,斤
28020320,紅桃木瓜,,802,斤
28020321,青木瓜,,802,斤
28020330,津香木瓜,,802,斤
28020340,細葉蕃石榴,,802,斤
28020350,草莓蕃石榴,,802,斤
28020360,燈籠果,,802,斤
28020370,櫻桃,,802,斤
28020380,嬌女小番女,,802,斤
28020390,阿娜娜-俗稱為刺果番荔枝,,802,斤
28020400,砂糖橘子,,802,斤
28020410,聖女小番茄,,802,斤
28020420,紅妃木瓜,,802,斤
28020430,紅冠木瓜,,802,斤
28020440,紅壽木瓜,,802,斤
28020450,翠紅小番茄,,802,斤
28020455,白柚,,802,斤
28030010,白蘿蔔,,803,斤
28030011,白蘿蔔-600g,,803,包
28030012,白蘿蔔-900g,,803,包
28030013,白蘿蔔-1200g,,803,包
28030014,白蘿蔔-300g,,803,包
28030020,紅蘿蔔,,803,斤
28030021,紅蘿蔔-600g,,803,包
28030030,水果玉米,,803,斤
28030031,水果玉米-600g,,803,包
28030032,水果玉米-1200g,,803,包
28030033,水果玉米-500g,,803,包
28030040,玉米筍,,803,斤
28030041,玉米筍-600克,,803,包
28030042,玉米筍-900克,,803,包
28030043,玉米筍-300g,,803,包
28030044,玉米筍(裸),,803,斤
28030045,玉米筍- 230g,,803,包
28030050,彩椒(紅),,803,斤
28030051,彩椒(紅)-300g,,803,包
28030052,彩椒(紅)-600g,,803,包
28030060,彩椒(黃),,803,斤
28030061,彩椒(黃)-300g,,803,包
28030062,彩椒(黃)-600g,,803,包
28030070,青椒,,803,斤
28030071,青椒-600克,,803,包
28030072,青椒-300克,,803,包
28030080,秋葵,,803,斤
28030081,秋葵-250克,,803,包
28030082,秋葵-300g,,803,包
28030083,秋葵-120克,,803,包
28030090,小黃瓜,,803,斤
28030091,小黃瓜-600克,,803,包
28030092,小黃瓜-300克,,803,包
28030093,小黃瓜-175克,,803,包
28030094,小黃瓜-900克,,803,包
28030095,小黃瓜-250g,,803,包
28030096,小黃瓜-1200克,,803,包
28030100,大黃瓜,,803,斤
28030110,茄子,,803,斤
28030111,茄子-600g,,803,包
28030112,茄子-300g,,803,包
28030113,茄子-350g,,803,包
28030120,瓠瓜,,803,斤
28030121,瓠瓜-1500g,,803,顆
28030122,瓠瓜-600g,,803,顆
28030123,瓠瓜-1200g,,803,顆
28030124,瓠瓜-1800g,,803,顆
28030125,瓠瓜-900g,,803,顆
28030130,絲瓜,,803,斤
28030131,絲瓜-600g,,803,包
28030132,絲瓜-1200g,,803,包
28030133,絲瓜 300g,,803,包
28030140,苦瓜,,803,斤
28030141,苦瓜     600g,,803,包
28030142,苦瓜-300g,,803,包
28030150,大冬瓜,,803,斤
28030160,芋頭冬瓜,,803,斤
28030161,芋頭冬瓜  1800g,,803,顆
28030162,芋頭冬瓜  2100g,,803,顆
28030163,芋頭冬瓜-1200g,,803,顆
28030164,芋頭冬瓜-1500g,,803,顆
28030165,芋頭冬瓜-600g,,803,顆
28030170,佛手瓜,,803,斤
28030180,甜豆,,803,斤
28030181,甜豆-400g,,803,包
28030190,醜豆,,803,斤
28030191,醜豆       400g,,803,包
28030192,醜豆-230g,,803,包
28030193,醜豆 120g,,803,包
28030194,醜豆       250g,,803,包
28030200,四季豆,,803,斤
28030201,四季豆-400g,,803,包
28030202,四季豆300g,,803,包
28030203,四季豆 -230g,,803,包
28030204,四季豆600g,,803,包
28030210,長豆,,803,斤
28030211,長豆-400g,,803,包
28030220,皇帝豆,,803,斤
28030230,荷蘭豆,,803,斤
28030231,荷蘭豆-250g,,803,包
28030240,糯米椒,,803,斤
28030250,紅辣椒,,803,斤
28030251,紅辣椒 125克,,803,包
28030252,紅辣椒-400g,,803,包
28030260,青辣椒,,803,斤
28030261,紅辣椒-130g,,803,包
28030270,朝天椒,,803,斤
28030280,葫蘆型南瓜,,803,斤
28030281,葫蘆型南瓜-1200g,,803,
28030282,葫蘆型南瓜-600g,,803,顆
28030290,栗子南瓜,,803,斤
28030300,栗子地瓜,,803,斤
28030301,栗子地瓜     600g,,803,包
28030302,栗子地瓜（葉）,,803,斤
28030303,栗子地瓜     250g,,803,包
28030304,栗子地瓜     300g,,803,包
28030305,栗子南瓜-2500g,,803,包
28030306,栗子南瓜-1200g,,803,包
28030307,栗子南瓜-1800g,,803,顆
28030308,栗子南瓜-1500g,,803,顆
28030309,栗子南瓜-2400g,,803,顆
28030310,狗尾草,,803,斤
28030320,薑,,803,斤
28030321,薑     600g,,803,袋
28030322,薑     300g,,803,袋
28030323,薑     170g,,803,袋
28030324,薑     400g,,803,包
28030330,薑黃,,803,斤
28030340,冬筍,,803,斤
28030350,牛番茄,,803,斤
28030351,牛番茄-600g,,803,包
28030360,山苦瓜,,803,斤
28030361,山苦瓜 300g,,803,包
28030362,山苦瓜 400g,,803,包
28030363,山苦瓜 600g,,803,包
28030370,火龍果花,,803,斤
28030371,火龍果花-300g,,803,包
28030380,玉米,,803,斤
28030390,櫻桃蘿蔔,,803,斤
28030391,櫻桃蘿蔔葉,,803,斤
28030400,毛豆,,803,斤
28030401,毛豆(裸),,803,斤
28030410,黃櫛瓜,,803,斤
28030411,黃櫛瓜-600g,,803,包
28030420,綠櫛瓜,,803,斤
28030421,綠櫛瓜-600g,,803,包
28030422,綠櫛瓜公花,,803,朵
28030423,綠櫛瓜母花含果,,803,朵
28030430,李白南瓜,,803,斤
28030440,筍子,,803,斤
28030450,圓茄,,803,斤
28030460,芋頭,,803,斤
28030461,芋頭 600g,,803,包
28030470,馬鈴薯,,803,斤
28030480,東昇南瓜,,803,斤
28030490,嫩薑,,803,斤
28030500,小薑,,803,斤
28030501,小薑 300g,,803,包
28030502,小薑 600g,,803,包
28030510,紅豆,,803,斤
28030520,綠豆,,803,斤
28030530,黃豆,,803,斤
28030540,釋迦花椰,,803,斤
28030541,絲瓜-900g,,803,包
28030542,大黃瓜-600g,,803,包
28030550,糯米玉米,,803,斤
28030560,金針(台東6號),,803,斤
28030570,蘆筍,,803,斤
28030580,洋蔥,,803,斤
28030581,洋蔥-600g,,803,包
28030582,洋蔥-300g,,803,包
28030583,洋蔥葉,,803,斤
28030584,洋蔥-1200g,,803,包
28030585,洋蔥-250g,,803,包
28030590,豌豆,,803,斤
28030591,豌豆-250g,,803,包
28030600,蒜頭,,803,斤
28030610,阿嬌南瓜,,803,斤
28030611,阿嬌南瓜   1200g,,803,包
28030612,阿嬌南瓜   900g,,803,顆
28030613,阿嬌南瓜   600g,,803,顆
28030614,阿嬌南瓜   1500g,,803,顆
28030615,阿嬌南瓜   1800g,,803,顆
28030620,三姑南瓜,,803,斤
28030621,三姑南瓜   1200g,,803,包
28030622,三姑南瓜   900g,,803,包
28030623,三姑南瓜   1500g,,803,顆
28030624,三姑南瓜   1800g,,803,顆
28030625,三姑南瓜   2100g,,803,顆
28030630,阿芳南瓜,,803,斤
28030631,阿芳南瓜   1200g,,803,顆
28030640,龍竹筍,,803,斤
28030650,麻竹筍,,803,斤
28030660,澱粉玉米,,803,斤
28030670,雞心辣椒,,803,斤
28030680,甜菜根,,803,斤
28030690,紫洋蔥,,803,斤
28030700,花生-9號,,803,斤
28030710,木瓜型南瓜,,803,斤
28030711,木瓜型南瓜-600g,,803,顆
28030712,木瓜型南瓜-900g,,803,顆
28030713,木瓜型南瓜-300g,,803,顆
28030715,木瓜型南瓜-1500g,,803,顆
28030720,紫玉甜糯玉米,,803,斤
28030730,辣王魔鬼椒,,803,斤
28030740,豆薯,,803,斤
28030750,水滴茄,,803,斤
28030760,皺皮辣椒,,803,斤
28030770,稜角絲瓜,,803,斤
28030780,肉豆,,803,斤
28030790,樹豆,,803,斤
28030800,綠竹筍,,803,斤
28030810, 結頭菜,,803,斤
28030811, 結頭菜-900g,,803,包
28030812, 結頭菜-1200g,,803,包
28030813, 結頭菜-600g,,803,包
28030814, 結頭菜-450g,,803,包
28030820,日本皇帝豆,,803,斤
28030830,水果小黃瓜,,803,斤
28030831,水果小黃瓜     600g,,803,包
28030840,白球南瓜,,803,斤
28030850,綠球南瓜,,803,斤
28030860,小紅南瓜,,803,斤
28030870,翼豆,,803,斤
28030880,迷你紅蘿蔔,,803,斤
28030890,黑美珍玉米,,803,斤
28030900,雪珍玉米,,803,斤
28030910,玉美珍玉米,,803,斤
28030920,日本圓茄,,803,斤
28030921,日本圓茄 600g,,803,包
28040010,伊莎雞蛋,,804,顆
28040011,伊莎雞蛋          10入,,804,盒
28040012,伊莎雞蛋  6入,,804,盒
28040020,土雞(雞蛋),,804,顆
28040030,古早雞,,804,隻、斤
28040040,黃金雞,,804,斤
28040041,黃金雞真縮,,804,斤
28040042,黃金雞-B,,804,斤
28040043,黃金雞(公)(隻),,804,隻
28040044,黃金雞(母)(隻),,804,隻
28040050,櫻桃鴨,,804,斤
28040051,櫻桃鴨,,804,隻
28040060,白羅曼鵝,,804,斤
28040061,白羅曼鵝,,804,隻
28040062,鵝胗,,804,斤
28040070,土鵝,,804,斤
28040080,火雞,,804,隻
28040090,土番鴨,,804,斤
28040091,土番鴨(隻),,804,隻
28040100,伊莎蛋雞,,804,斤
28040101,伊莎蛋雞（隻）,,804,隻
28041010,半雞切塊　900g,,804,盒
28041020,腿肉切塊　600g,,804,盒
28041021,腿肉切塊　600g,,804,包
28041030,三節翅            500g,,804,盒
28041031,三節翅  550-600g,,804,盒
28041032,三節翅-3kg/包,,804,斤
28041033,三節翅（4支）　600g,,804,包
28041034,2節翅-300g,,804,包
28041035,翅腿-300g,,804,包
28041040,清胸              400g,,804,盒
28041041,清胸,,804,包
28041042,清胸-3kg/包,,804,斤
28041044,雞清胸-（皮）-3kg/包,,804,斤
28041045,清胸肉（去皮）　280g,,804,包
28041046,雞清胸絞肉,,804,斤
28041050,里肌              200g,,804,盒
28041051,里肌,,804,包
28041052,里肌　260g,,804,盒
28041053,里肌　220-230g,,804,包
28041060,雞佛,,804,斤
28041061,雞佛-600g/包,,804,包
28041070,雞心,,804,斤
28041080,雞肫,,804,斤
28041090,雞頭脖,,804,斤
28041091,雞頭脖去皮-3kg/包,,804,斤
28041092,雞脖皮-3kg/包,,804,斤
28041100,雞骨 (架）,,804,斤
28041110,帶骨腿肉          900g,,804,盒
28041120,雞尾椎,,804,斤
28041130,雞腳,,804,斤
28041140,鴨胗,,804,斤
28041150,圓胸-5顆/包,,804,斤
28041160,清胸肉(帶皮)-3kg/包,,804,斤
28041170,里肌-3kg/包,,804,斤
28041180,骨腿-3kg/包,,804,斤
28041190,腿肉(帶皮去骨)-3kg/包,,804,斤
28041191,腿肉(帶皮帶踝-去骨)-3kg/包,,804,斤
28041200,二節翅-3kg/包,,804,斤
28041210,翅腿-3kg/包,,804,斤
28041220,屠宰費,,804,元
28041230,腿肉-(高麗菜)水餃-30/包,,804,包
28041231,腿肉-(高麗菜)水餃-100顆/包,,804,包
28041240,鴨心,,804,斤
28041260,雞肝,,804,斤
28041270,雞??,,804,斤
28042010,屠宰(雞),,804,批
28042020,分切       3,,804,批
28042030,屠宰(鴨),,804,隻
28042040,中興紅羽(1982品種),,804,斤
28042050,鴨肝,,804,斤
28042060,金門原生種雞,,804,斤
28042061,金門原生種雞,,804,隻
28042070,石崎原生種雞,,804,斤
28042071,石崎原生種雞,,804,隻
28042080,名古屋原生種雞,,804,斤
28042081,名古屋原生種雞,,804,隻
28042090,信義原生種雞,,804,斤
28042091,信義原生種雞,,804,隻
28042100,竹崎原生種雞,,804,斤
28042101,竹崎原生種雞,,804,隻
28042110,鵝肝,,804,斤
28042120,雞肉切塊3kg/包,,804,斤
28042130,雞腿 (骨),,804,斤
28042140,廢料重量,,804,斤
28042150,馬告檸檬椒鹽舒肥雞胸(100g)/片,,804,包
28042160,馬告檸檬椒鹽舒肥雞腿(100g),,804,包
28042170,鴨內臟,,804,斤
28050010,台灣鯛,,805,斤
28050011,真縮台灣鯛-小     350克-500克,,805,尾
28050012,真縮台灣鯛-大     500克-650克,,805,尾
28050013,真縮台灣鯛-特大    650克-800克,,805,尾
28050014,台灣鯛,,805,隻
28050020,鱸魚,,805,斤
28050021,鱸魚  350-500g`,,805,尾
28050022,鱸魚,,805,隻
28050030,草魚,,805,斤
28050040,大頭鰱,,805,斤
28050050,烏鰡,,805,斤
28050060,鱘龍魚,,805,斤
28050070,泰國蝦,,805,
28060010,桑葚汁            600CC,,806,罐
28060011,桑葚果粒,,806,斤
28060020,黃金泡菜,,806,罐
28060021,黃金泡菜(五辛)3000g,,806,包
28060022,黃金泡菜(全素)3000g,,806,包
28060030,酸白菜 1200g,,806,包
28060040,玫瑰檸檬果醬      210g,,806,罐
28060050,草莓醬,,806,罐
28060060,酸菜(乾),,806,斤
28060070,酸菜(濕),,806,斤
28060080,高麗菜乾,,806,斤
28060090,薑黃粉       80克,,806,罐
28060091,薑黃粉     40g,,806,罐
28060092,薑黃片,,806,斤
28060093,薑黃粉,,806,斤
28060100,樹葡萄果醬,,806,罐
28060101,樹葡萄果醬   360g  淨重117g,,806,罐
28060102,樹葡萄果醬   400g 淨重228g,,806,罐
28060103,樹葡萄果醬 克,,806,克
28060105,樹葡萄果醬食材包1000cc,,806,包
28060110,百香果果肉        1000CC,,806,包
28060111,百香果果肉        2000CC,,806,包
28060140,乾燥玫瑰          20g,,806,包
28060150,玫瑰純露,,806,瓶
28060151,玫瑰果醬   淨重1000g,,806,包
28060160,薑片,,806,斤
28060170,原味滴雞精        60ml,,806,包
28060171,雞油 (含袋重2000+-250G）,,806,包
28060172,雞肉  5kg,,806,包
28060180,薑粉              80g,,806,罐
28060190,雞肉鬆            150克,,806,包
28060200,火龍果乾(紅肉),,806,克
28060210,滷蛋,,806,包
28060220,冬瓜磚,,806,克
28060230,雞皮蛋,,806,顆
28060240,梅乾菜(包心芥菜乾),,806,斤
28060241,梅乾菜(包心芥菜乾1公斤),,806,包
28060250,乾燥玫瑰    50g,,806,包
28060260,泡菜  含罐重4980g 淨重2250+-15g,,806,克
28060261,泡菜　 　　淨重375+-15g,,806,罐
28060262,泡菜　 　淨重1500g,,806,包
28060270,酸豆         淨重1500g,,806,包
28060271,酸豆,,806,斤
28060280,酸白菜         淨重600g,,806,包
28060290,百香果果汁 淨重1000cc,,806,瓶
28060291,鮮果飲-百香果汁 500ml,,806,罏
28060300,樹葡萄果汁     淨重1000cc,,806,瓶
28060310,檸檬果汁   淨重1000cc,,806,瓶
28060320,桑葚果汁   淨重1000cc,,806,瓶
28060321,桑葚果肉汁淨重2000cc,,806,包
28060322,鮮果飲-桑葚果汁 500ml,,806,罐
28060330,蘿蔔乾,,806,斤
28060340,洛神花蜜餞,,806,斤
28060341,洛神花果粒汁,,806,斤
28060342,洛神花果粒汁-2斤,,806,包
28060343,洛神花乾燥果粒,,806,克
28060347,洛神花蜜餞,,806,罐
28060350,雞高湯營業包,,806,公斤
28060351,清雞油營業包,,806,公斤
28060360,黃金泡菜（罐裝)450g,,806,罐
28060370,薑黃粉 100g,,806,罐
28060500,原味滴雞精 60ml  5入裝,,806,盒
280700001    -6,菠菜,,807,克
280700002    -3,A菜,,807,克
280700003    -0,青江菜,,807,克
280700004    -7,小松菜,,807,克
280700005    -4,阿麗白菜,,807,克
280700006    -1,豆苗,,807,克
280700007    -8,黑葉白菜,,807,克
280700008    -5,農友二號,,807,克
280700009    -2,青莧菜,,807,克
280700010    -8,尖葉莧菜,,807,克
280700011    -5,空心菜（竹葉）,,807,克
280700012    -2,茼蒿,,807,克
280700013    -9,山茼蒿,,807,克
280700014    -6,麻薏,,807,克
280700015    -3,蒜頭,,807,克
280700016    -0,香菜,,807,克
280700017    -7,芥藍菜,,807,克
280700018    -4,油菜,,807,克
280700019    -1,白蘿蔔,,807,克
280700020    -7,紅蘿蔔,,807,克
280700021    -4,水果玉米,,807,克
280700022    -1,紅鬚玉米筍,,807,克
280700023    -8,秋葵,,807,株
280700024    -5,小黃瓜,,807,株
280700025    -2,大黃瓜,,807,株
280700026    -9,甜豆,,807,克
280700027    -6,醜豆,,807,克
280700028    -3,四季豆,,807,克
280700029    -0,長豆,,807,克
280700030    -6,皇帝豆,,807,克
280700031    -3,荷蘭豆,,807,克
280700032    -0,狗尾草-重複（使用2808）,,807,克
280700033    -7,南瓜,,807,克
280700034    -4,白菜,,807,克
280700035    -1,栗子南瓜,,807,克
280700036    -8,結頭菜,,807,克
280700037    -5,爽綠早生京水菜,,807,克
280700038    -2,油菜花,,807,克
280700039    -9,綠櫛瓜,,807,克
280700040    -5,黃櫛瓜,,807,克
280700041    -2,小黃瓜,,807,克
280700042    -9,洋香瓜,,807,克
280700043    -6,澱粉玉米,,807,克
280700044    -3,皺皮葉白,,807,克
280700045    -0,毛豆,,807,克
280700046    -7,青花椰菜,,807,克
280700047    -4,秋葵,,807,克
280700048    -1,花生-(9號),,807,克
280700049    -8,孢子甘藍,,807,克
280700050    -4,小白南瓜,,807,克
280700051    -1,阿達×小白南瓜,,807,克
280700052    -8,奶油南瓜,,807,克
280700060    -3,三鳳二號白菜,,807,克
280700061    -0,野生茴香,,807,克
280700062    -7,佛手瓜,,807,顆
280700063    -4,樹豆-蒲姜豆,,807,克
280700064    -1,紅樹豆,,807,克
280700065    -8,翼豆,,807,克
280700066    -5,樹番茄,,807,克
280700067    -2,越南茼蒿,,807,克
280700068    -9,芝麻,,807,克
280700069    -6,黑葉芥藍,,807,克
280700070    -2,水蕹菜,,807,克
280700071    -9,紫玉甜糯玉米,,807,克
280700072    -6,韓國芝麻葉,,807,克
280700073    -3,辣王魔鬼椒,,807,克
280700074    -0,豆薯,,807,克
280700075    -7,塔菇菜,,807,克
280700076    -4,水滴茄,,807,克
280700077    -1,絲瓜,,807,克
280700078    -8,紫葉萵苣,,807,克
280700079    -5,綠葉萵苣,,807,克
280700080    -1,高麗菜,,807,克
280700081    -8,皺皮辣椒,,807,克
280700082    -5,紅彩椒,,807,克
280700083    -2,稜角絲瓜,,807,克
280700084    -9,肉豆,,807,克
280700085    -6,白花椰菜,,807,克
280700087    -0,福山萵苣,,807,克
280700088    -7,蘿美萵苣,,807,克
280700089    -4,結球萵苣,,807,克
280700090    -0,蔥,,807,斤
280700091    -7,牛奶白菜,,807,克
280700092    -4,日本皇帝豆,,807,克
280700093    -1,迷你紅蘿蔔,,807,克
280700094    -8,明泉萵苣,,807,克
280700095    -5,紅捲萵苣,,807,克
280700096    -2,甜蘿蔓萵苣,,807,克
280700097    -9,綠橡萵苣,,807,克
280700098    -6,空心菜（白骨）,,807,克
280700099    -3,紅翠萵苣,,807,克
280700100    -6,翠花萵苣,,807,克
280700101    -3,綠海萵苣,,807,克
280700102    -0,紅珊瑚萵苣,,807,克
280700103    -7,白球南瓜,,807,克
280700104    -4,綠球南瓜,,807,克
280700105    -1,小紅南瓜,,807,克
280700106    -8,包心白菜,,807,克
280700107    -5,冠軍蘿蔓,,807,克
280700108    -2,翠妹萵苣,,807,克
280700109    -9,紫洋蔥,,807,克
280700110    -5,黑美珍玉米,,807,克
280700111    -2,雪珍玉米,,807,克
280700112    -9,玉美珍玉米,,807,克
280700113    -6,日本圓茄,,807,克
280700114    -3,爆裂玉米,,807,克
280700115    -0,皇宮菜,,807,克
280700504    -2,大黃瓜,,807,株
280700506    -6,木瓜型南瓜,,807,株
280701001    -5,福山萵苣,,807,株
280701002    -2,蘿美萵苣,,807,株
280701003    -9,紅鳳菜,,807,斤
280701004    -6,皇宮菜,,807,株
280701005    -3,地瓜葉,,807,斤
280701006    -0,過貓,,807,斤
280701007    -7,韭菜,,807,株
280701008    -4,蔥,,807,株
280701009    -1,九層塔,,807,株
280701010    -7,高麗菜,,807,株
280701011    -4,結頭菜,,807,株
280701012    -1,青花椰菜,,807,株
280701013    -8,白花椰菜,,807,株
280701014    -5,忝菜,,807,株
280701015    -2,包心白菜,,807,株
280701016    -9,包心芥菜,,807,株
280701017    -6,紅橡生菜,,807,克
280701018    -3,紅捲萵苣,,807,株
280701019    -0,山芹菜,,807,株
280701020    -6,樹葡萄,,807,株
280701021    -3,玉女小番茄--重複（使用2808）,,807,株
280701022    -0,黑柿番茄,,807,株
280701023    -7,火龍果,,807,株
280701024    -4,紅龍果,,807,株
280701025    -1,草莓-重複（使用2808）,,807,株
280701026    -8,無花果--重複（使用2808）,,807,株
280701027    -5,桑葚--重複（使用2808）,,807,株
280701028    -2,黃金果,,807,株
280701029    -9,百香果-重複（使用2808）,,807,株
280701030    -5,香蕉--重複（使用2808）,,807,株
280701031    -2,美人蕉,,807,株
280701032    -9,檸檬,,807,株
280701033    -6,香水檸檬,,807,株
280701034    -3,酪梨--重複（使用2808）,,807,株
280701035    -0,奇異果,,807,株
280701036    -7,咖啡--重複（使用2808）,,807,株
280701037    -4,紅彩椒,,807,株
280701038    -1,黃彩椒,,807,株
280701039    -8,青椒,,807,株
280701040    -4,茄子,,807,株
280701041    -1,瓠瓜,,807,株
280701042    -8,絲瓜,,807,株
280701043    -5,苦瓜,,807,株
280701044    -2,大冬瓜,,807,克
280701045    -9,芋頭冬瓜,,807,株
280701046    -6,糯米椒,,807,株
280701047    -3,紅辣椒,,807,株
280701048    -0,青辣椒,,807,株
280701049    -7,朝天椒,,807,株
280701050    -3,葫蘆型南瓜,,807,株
280701051    -0,栗子南瓜,,807,株
280701052    -7,栗子地瓜（葉）,,807,株
280701053    -4,薑,,807,斤
280701054    -1,薑黃,,807,斤
280701055    -8,冬筍,,807,株
280701056    -5,牛番茄,,807,克
280701057    -2,香蜂草,,807,株
280701058    -9,迷迭香,,807,株
280701059    -6,紅紫蘇,,807,株
280701060    -2,蝶豆花,,807,株
280701061    -9,食用玫瑰(山形玫瑰),,807,株
280701062    -6,檸檬馬鞭草,,807,株
280701063    -3,鳳梨鼠尾草,,807,株
280701064    -0,芳香萬壽菊,,807,株
280701065    -7,檸檬香茅,,807,株
280701066    -4,檸檬薄荷,,807,株
280701067    -1,金銀花(忍冬),,807,株
280701068    -8,台灣百合,,807,斤
280701069    -5,鹿角萵苣,,807,克
280701070    -1,芹菜,,807,株
280701071    -8,紫甘藍,紫,807,株
280701072    -5,羽衣甘藍,,807,克
280701073    -2,茴香,,807,克
280701074    -9,金針,,807,株
280701075    -6,藿香蘭,,807,株
280701076    -3,雞冠花,,807,株
280701077    -0,水丁香,,807,株
280701078    -7,細葉水丁香,,807,株
280701079    -4,牽牛花,,807,株
280701080    -0,茉莉花,,807,株
280701081    -7,藍雪花,,807,株
280701082    -4,馬櫻丹,,807,株
280701083    -1,木芙蓉,,807,株
280701084    -8,豌豆,,807,克
280701085    -5,紫蟬,,807,株
280701086    -2,細葉莢竹桃,,807,株
280701087    -9,日日春,,807,株
280701088    -6,黃蓮蕉,,807,株
280701089    -3,龍柏,,807,株
280701090    -9,杜鵑,,807,株
280701091    -6,皺葉A菜,,807,克
280701092    -3,天美白菜,,807,克
280701093    -0,烤肉A菜,,807,克
280701094    -7,蚵白菜,,807,克
280701095    -4,東昇南瓜,,807,株
280701096    -1,阿嬌南瓜,,807,株
280701097    -8,芝麻葉,,807,克
280701098    -5,櫻桃蘿蔔,,807,克
280701099    -2,佛手瓜,,807,斤
280701100    -5,金銀花,,807,株
280701101    -2,左手香,,807,株
280701102    -9,紅莧菜,,807,克
280701103    -6,鵝掌藤,,807,株
280701104    -3,李白南瓜,,807,株
280701105    -0,洋蔥,,807,株
280701106    -7,蘆筍,,807,株
280701107    -4,山苦瓜,,807,株
280701108    -1,菊苣生菜,,807,克
280701109    -8,葱,,807,株
280701110    -4,梔子花,,807,株
280701111    -1,巨峰葡萄,,807,株
280701112    -8,檸檬百里香,,807,株
280701113    -5,檸檬馬鞭草,,807,
280701114    -2,枸杞,,807,
280701115    -9,檸檬百里香,,807,株
280701116    -6,甜菊--重複（使用2808）,,807,株
280701117    -3,檸檬香蜂草,,807,
280701118    -0,紅火焰生菜,,807,株
280701119    -7,奶油萵苣,,807,株
280701120    -3,綠捲生菜,,807,株
280701121    -0,菊苣生菜,,807,株
280701122    -7,紅鹿角萵苣,,807,克
280701123    -4,小薑,,807,斤
280701124    -1,龍竹筍,,807,株
280701125    -8,日本皇帝豆,,807,株
280701126    -5,迷你紅蘿蔔,,807,株
280701130    -2,芥菜,,807,株
280701140    -1,韭菜,,807,株
280701200    -2,栗子南瓜,,807,株
280701300    -9,福山萵苣,,807,株
280701301    -6,青花椰菜,,807,株
280701505    -8,糯米椒,,807,株
280701507    -2,高麗菜,,807,株
280701508    -9,雪翠高麗菜,,807,株
280702002    -1,紅面鴨,,807,隻
280703001    -3,伊莎雞107.5,,807,隻
280703002    -0,土雞,,807,隻
280703003    -7,古早雞,,807,隻
280703004    -4,黃金雞(公),,807,隻
280703005    -1,櫻桃鴨,,807,隻
280703006    -8,黃金雞(母),,807,隻
280703007    -5,伊莎蛋雞108.5,,807,隻
280704001    -2,台灣鯛,,807,隻
280704002    -9,鱸魚,,807,隻
280704003    -6,草魚,,807,隻
280704004    -3,大頭鰱,,807,隻
280704005    -0,烏鰡,,807,隻
280704006    -7,鱘龍魚,,807,隻
280705001    -1,白羅曼鵝,,807,隻
280705002    -8,土鵝,,807,隻
280710001    -3,大冬瓜,,807,株
280710002    -0,羽衣甘藍,,807,株
280710003    -7,澱粉玉米,,807,株
280710004    -4,紅鬚玉米筍,,807,株
280710005    -1,水果玉米,,807,株
280710006    -8,綠鹿角萵苣,,807,株
280710007    -5,紅橡生菜,,807,株
280710008    -2,波斯頓萵苣,,807,株
280710009    -9,野生茴香,,807,株
280710010    -5,香菜,,807,株
280710011    -2,皺皮葉白,,807,株
280710012    -9,天美白菜,,807,株
280710013    -6,蚵白菜,,807,株
280710014    -3,芝麻葉,,807,株
280710015    -0,烤肉A菜,,807,株
280710016    -7,爽綠早生京水菜,,807,株
280710017    -4,牛蕃茄,,807,株
280710018    -1,黃櫛瓜,,807,株
280710019    -8,綠櫛瓜,,807,株
280710020    -4,紅鹿角萵苣,,807,株
280710021    -1,紅蘿蔔,,807,株
280710022    -8,白蘿蔔,,807,株
280710023    -5,青花筍,,807,株
280710024    -2,雞心辣椒,,807,株
280710025    -9,芥藍菜,,807,株
280710026    -6,日本茼萵,,807,株
280710027    -3,甜菜根,,807,株
280710028    -0,狗母菜,,807,株
280710029    -7,橙蜜香-黃小番茄,,807,株
280710031    -0,南薑,,807,株
280710032    -7,地瓜葉,,807,株
280710033    -4,白鳳菜,,807,株
280710034    -1,津香木瓜,,807,株
280710035    -8,牛奶白菜,,807,株
280710036    -5,紫洋蔥,,807,株
280710037    -2,馬鈴薯,,807,顆
280710038    -9,紅鳳菜,,807,株
280710039    -6,水芹菜,,807,株
280710040    -2,芥藍花菜,,807,株
280710041    -9,綠橡萵苣,,807,株
280710042    -6,山東大白菜,,807,株
280710043    -3,木瓜型南瓜,,807,株
280710044    -0,南瓜,,807,株
280710045    -7,小白南瓜,,807,株
280710046    -4,阿達×小白南瓜,,807,株
280710047    -1,奶油南瓜,,807,株
280710048    -8,樹豆-蒲姜豆,,807,株
280710049    -5,紅樹豆,,807,株
280710050    -1,翼豆又稱四稜豆,,807,株
280710051    -8,樹番茄,,807,株
280710052    -5,越南茼蒿,,807,株
280710053    -2,芝麻,,807,株
280710054    -9,孢子甘藍,,807,株
280710055    -6,黑葉芥藍,,807,株
280710056    -3,芋頭,,807,株
280710057    -0,紫玉甜糯玉米,,807,株
280710058    -7,韓國芝麻葉,,807,株
280710059    -4,辣王魔鬼椒,,807,株
280710060    -0,豆薯,,807,株
280710061    -7,塔菇菜,,807,株
280710062    -4,櫻桃蘿蔔,,807,株
280710063    -1,水滴茄,,807,株
280710064    -8,長豆,,807,株
280710065    -5,四季豆,,807,株
280710066    -2,日本香菜(刺芫荽),,807,株
280710067    -9,皇帝豆,,807,株
280710068    -6,甜蘿蔓萵苣,,807,株
280710069    -3,紫葉萵苣,,807,株
280710070    -9,綠葉萵苣,,807,株
280710071    -6,皺皮辣椒,,807,株
280710072    -3,稜角絲瓜,,807,株
280710073    -0,肉豆,,807,株
280710074    -7,結球萵苣,,807,株
280710075    -4,日本香菜,,807,株
280710076    -1,綠竹筍,,807,株
280710077    -8,綠火焰生菜,,807,株
280710078    -5,明泉萵苣,,807,株
280710079    -2,水果小黃瓜,,807,株
280710080    -8,紅翠萵苣,,807,株
280710081    -5,翠花萵苣,,807,株
280710082    -2,綠海萵苣,,807,株
280710083    -9,紅珊瑚萵苣,,807,株
280710084    -6,白球南瓜,,807,株
280710085    -3,綠球南瓜,,807,株
280710086    -0,小紅南瓜,,807,株
280710087    -7,冠軍蘿蔓,,807,株
280710088    -4,翠妹萵苣,,807,株
280710089    -1,黑美珍玉米,,807,株
280710090    -7,雪珍玉米,,807,株
280710091    -4,玉美珍玉米,,807,株
280710092    -1,西洋芹,,807,8L999
280710093    -8,日本圓茄,,807,株
280710094    -5,甜豆,,807,株
280710095    -2,爆裂玉米,,807,株
280710096    -9,空心菜（竹葉）,,807,株
280710502    -5,木瓜型南瓜,,807,株
28071075,波斯頓萵苣,,807,克
28080010,檸檬香蜂草,,808,株
28080020,迷迭香,,808,株
28080021,迷迭香,,808,克
28080030,紅紫蘇,,808,株
28080031,紅紫蘇,,808,克
28080040,蝶豆花,,808,克
28080041,蝶豆花（建錯檔）,,808,株
28080050,蜜妮玫瑰,,808,克
28080060,檸檬馬鞭草,,808,株
28080061,檸檬馬鞭草,,808,克
28080070,鳳梨鼠尾草,,808,株
28080080,芳香萬壽菊,,808,株
28080090,檸檬香茅,,808,株
28080091,檸檬香茅,,808,克
28080100,檸檬薄荷,,808,株
28080101,檸檬薄荷,,808,克
28080110,金銀花(忍冬),,808,株
28080120,巴西里,,808,株
28080130,甜羅勒,,808,株
28080131,甜羅勒,,808,克
28080140,綠紫蘇,,808,克
28080150,百里香,,808,株
28080160,硬枝苿莉,,808,株
28080170,羅斯蘭花,,808,株
28080180,心葉毬蘭,,808,株
28080190,香莢蘭,,808,株
28080200,百里香,,808,株
28080210,綠紫蘇,,808,株
28080220,甜菊,,808,株
28080221,甜菊,,808,克
28080230,玫瑰天竺葵,,808,株
28080240,聖羅勒,,808,株
28080250,檸檬百里香,,808,株
28080260,枸杞,,808,株
28080270,馬約蘭,,808,株
28080280,奧樂岡,,808,株
28080290,茶葉,,808,斤
28080300,繡球花,,808,株
28080310,新幾內亞鳳仙花,,808,株
28080320,四季秋海棠,,808,株
28080330,台灣百合,,808,株
28080340,食用百合,,808,株
28080350,茴香,,808,株
28080360,情人菊,,808,株
28080370,蔓性馬櫻丹,,808,株
28080380,藿香薊,,808,株
28080390,雞冠花,,808,株
28080391,水丁香（建錯檔）,,808,克
28080394,南天竹 （建錯檔）,,808,株
28080395,穗花木藍（建錯檔）,,808,株
28080400,左手香,,808,株
28080401,左手香,,808,克
28080410,細葉水丁香,,808,株
28080420,牽牛花,,808,株
28080430,茉莉花,,808,株
28080440,蘭雪花,,808,株
28080450,紫蟬,,808,株
28080460,細葉夾竹桃,,808,株
28080470,非洲鳳仙花,,808,株
28080472,桑葚（建錯檔）,,808,株
28080473,小葉仙丹（建錯檔）,,808,株
28080474,七里香 （建錯檔）,,808,株
28080475,無花果（建錯檔）,,808,株
28080476,杜鵑 （建錯檔）,,808,株
28080477,巨峰葡萄（建錯檔）,,808,株
28080478,藍雪花(建錯檔）,,808,株
28080479,馬利筋（建錯檔）,,808,株
28080480,大葉仙丹,,808,株
28080490,桑葚,,808,株
28080491,桑葚枝,,808,克
28080500,小葉仙丹,,808,株
28080510,七里香,,808,株
28080520,無花果,,808,株
28080521,無花果(技）,,808,克
28080530,杜鵑,,808,株
28080540,巨峰葡萄,,808,株
28080550,藍雪花,,808,株
28080570,愛玉,,808,株
28080580,木芙蓉,,808,株
28080590,朱槿又名扶桑,,808,株
28080600,艾草,,808,株
28080610,黃花風鈴木,,808,株
28080620,孤挺花,,808,株
28080640,軟枝茉莉,,808,株
28080650,栗豆樹,,808,株
28080660,馬拉巴栗,,808,株
28080670,梔子花,,808,株
28080680,穗花木藍,,808,株
28080690,南天竹,,808,株
28080700,台灣肖楠,,808,株
28080710,沙漠玫瑰,,808,株
28080720,藍莓,,808,株
28080730,蘆薈,,808,株
28080731,蘆薈,,808,斤
28080740,雞角刺,,808,株
28080750,香椿,,808,株
28080760,榕樹,,808,株
28080770,酪梨,,808,株
28080790,芭樂（白）,,808,株
28080800,香蕉,,808,株
28080810,紅葉槿,,808,株
28080820,阿娜娜,,808,株
28080830,可可樹,,808,株
28080840,蔓性矮牽牛,,808,株
28080850,橄欖,,808,株
28080860,蝴蝶蘭,,808,株
28080870,蝶豆花,,808,株
28080880,韓國板栗,,808,株
28080890,日本櫻草(活力草）,,808,株
28080900,葛鬱金,,808,株
28080910,守宮木,,808,株
28080915,白草莓苗,,808,盆
28080920,芭樂（紅）,,808,株
28080930,馬祖豆梨（白花）,,808,株
28080940,燈籠果（祕魯酸漿),,808,株
28080950,辣木,,808,株
28080960,草莓蕃石榴,,808,株
28080970,酸桔,,808,株
28080980,鍚蘭橄欖,,808,株
28080990,皇帝筍,,808,株
28081000,打拋葉,,808,株
28081010,細葉蕃石榴,,808,株
28081030,仙桃,,808,株
28081050,紫花翠蘆莉,,808,株
28081051,紫花翠蘆莉,,808,克
28081060,咖啡铁皮卡,,808,株
28081070,咖啡紅波,,808,株
28081080,蜀葵(紅色）,,808,克
28081081,蜀葵(紅色）,,808,株
28081090,蜀葵(粉紅色）,,808,克
28081091,蜀葵(粉紅色）,,808,株
28081100,毛茄- 羊不食Solanum lasiocarpum,,808,克
28081101,毛茄- 羊不食Solanum lasiocarpum,,808,株
28081110,龜背芋,,808,株
28081120,仙人掌,,808,株
28081130,苕子-野豌豆,,808,克
28081131,苕子-野豌豆,,808,株
28081140,銀合歡,,808,克
28081141,銀合歡,,808,株
28081150,松柏,,808,株
28081160,五葉松,,808,株
28081170,月桃  中藥學名:本砂仁,,808,克
28081171,月桃  中藥學名:本砂仁,,808,株
28081180,大西瓜（紅）,,808,克
28081181,大西瓜（紅）,,808,株
28081190,長楕圓西瓜（紅）,,808,克
28081191,長楕圓西瓜（紅）,,808,株
28081200,洋香瓜,,808,克
28081201,洋香瓜,,808,株
28081210,洛神花,,808,克
28081211,洛神花,,808,株
28081220,玉女小番茄,,808,克
28081221,玉女小番茄,,808,株
28081230,木鱉果,,808,克
28081231,木鱉果,,808,株
28081240,紅桃木瓜,,808,株
28081250,津香木瓜,,808,株
28081260,明日葉,,808,株
28081270,食葉草,,808,株
28081280,杭菊,,808,株
28081290,馬拉巴栗-發財樹,,808,克
28081291,馬拉巴栗-發財樹,,808,株
28081300,九重葛 ,,808,克
28081301,九重葛 ,,808,株
28081310,人心果,,808,克
28081311,人心果,,808,株
28081320,觀賞蕉,,808,克
28081321,觀賞蕉,,808,株
28081330,九芎,,808,克
28081331,九芎,,808,株
28081340,青蒿,,808,克
28081341,青蒿,,808,株
28081350,康復力（聚合草）,,808,克
28081351,康復力（聚合草）,,808,株
28081360,冇骨消 (接骨草),,808,克
28081361,冇骨消 (接骨草),,808,株
28081370,綠百里香（麝香草）,,808,克
28081371,綠百里香（麝香草）,,808,株
28081380,水果鼠尾草又稱#桃子鼠尾草,,808,克
28081381,水果鼠尾草又稱#桃子鼠尾草,,808,株
28081390,鼠尾草（紫色）,,808,克
28081391,鼠尾草（紫色）,,808,株
28081400,魚腥草又稱蕺菜（折耳根）,,808,克
28081401,魚腥草又稱蕺菜（折耳根）,,808,株
28081410,黃金香蜂草,,808,株
28081411,黃金香蜂草,,808,株
28081420,歐芹別稱香芹、洋香菜,,808,克
28081421,歐芹別稱香芹、洋香菜,,808,株
28081430,刺芫荽（刺芹）,,808,克
28081431,刺芫荽（刺芹）,,808,株
28081440,紅酸模,,808,克
28081441,紅酸模,,808,株
28081450,葡萄柚薄荷,,808,克
28081451,葡萄柚薄荷,,808,株
28081460,日本薄荷,,808,克
28081461,日本薄荷,,808,株
28081470,巧克力薄荷,,808,克
28081471,巧克力薄荷,,808,株
28081480,萊姆薄荷,,808,克
28081481,萊姆薄荷,,808,株
28081490,蘋果天竺葵,,808,克
28081491,蘋果天竺葵,,808,株
28081500,孔雀天竺葵（備玫瑰的香氣）,,808,克
28081501,孔雀天竺葵（備玫瑰的香氣）,,808,株
28081510,虎耳草 別名： 石荷葉,,808,克
28081511,虎耳草 別名： 石荷葉,,808,株
28081520,白花蓍草（洋花蓍）,,808,克
28081521,白花蓍草（洋花蓍）,,808,株
28081530,咖哩樹（麻絞葉）,,808,克
28081531,咖哩樹（麻絞葉）,,808,株
28081540,廣藿香,,808,克
28081541,廣藿香,,808,株
28081550,奧勒岡,,808,克
28081551,奧勒岡,,808,株
28081560,當歸,,808,克
28081561,當歸,,808,株
28081580,法國長梗薰衣草,,808,克
28081581,法國長梗薰衣草,,808,株
28081590,櫻桃,,808,株
28081600,銀葉桉,,808,克
28081601,銀葉桉,,808,株
28081610,英國百里香,,808,克
28081611,英國百里香,,808,株
28081620,蕨葉薰衣草,,808,克
28081621,蕨葉薰衣草,,808,株
28081630,白花菜（羊角菜、屢析草）,,808,克
28081631,白花菜（羊角菜、屢析草）,,808,株
28081640,文殊蘭,,808,株
28081650,狗尾草,,808,株
28081660,變葉木,,808,克
28081661,變葉木,,808,株
28081670,嬌女小番女,,808,克
28081671,嬌女小番女,,808,株
28081680,紅竹,,808,克
28081681,紅竹,,808,株
28081690,百香果,,808,株
28081700,草莓,,808,株
28081710,(砂糖)橘子,,808,株
28081720,聖女小番茄,,808,克
28081721,聖女小番茄,,808,株
28081730,紅妃木瓜,,808,株
28081740,紅冠木瓜,,808,株
28081750,紅壽木瓜,,808,株
28081760,瑞士薄荷,,808,株
28081761,瑞士薄荷,,808,克
28081770,許願藤（錫葉藤、藍花藤）,,808,株
28081780,日本紫藤,,808,株
28081790,刺蔥,,808,株
28081800,鈴蘭(紅雙喜）,,808,株
28081810,鈴蘭(藍色）,,808,株
28081820,鈴蘭(紫菀天後）,,808,株
28081830,鈴蘭(彩色羅蘭）,,808,株
28081840,鈴蘭(白色戀人）,,808,株
28081850,鈴蘭(紫水晶）,,808,株
28081860,鈴蘭(紫色）,,808,株
28081870,鈴蘭(紅色）,,808,株
28081880,鈴蘭(粉玉）,,808,株
28081890,鈴蘭(黃色）,,808,株
28081900,翠紅小番茄,,808,克
28081901,翠紅小番茄,,808,株
28081910,香水草莓苗,,808,盆
28081911,白草莓草莓苗,,808,盆
28081913,佐香草莓苗,,808,盆
28081914,美姬草莓苗,,808,盆
28081915,甘王草莓苗,,808,盆
28081916,枥木天空草莓苗,,808,盆
28090010,生機栽培專用肥522粒肥 20公斤,,809,公斤
28090020,生機栽培專用肥426粒肥 20公斤,,809,公斤
28090030,雞糞肥,,809,KG
28090050,成長粒肥,,809,KG
28090060,微生物菌肥,,809,包
28090070,液肥(米糠),,809,桶
28090080,酵素,,809,箱
28090090,成長配方(液態)-25kg,,809,桶
28090100,液肥(瓜果),,809,桶
28090110,茶樹專用配,,809,包
28090120,C配方,,809,CC
28090130,微生物(S-SAn-O3),,809,CC
28090131,冷發6號,,809,公斤
28090140,新生機栽培專用肥料355 20Kg,,809,公斤
28090160,成長配方(液態)-25k,,809,桶
28090170,固態成長配方20斤/包,,809,台斤
28090180,礦石粉(磷、鈣、鎂)-25k,,809,包
28090181,瓜果配方-20k,,809,包
28090182,有機質肥料花果樂355-20k,,809,包
28090183,成長配方(固態)-20k,,809,包
28090184,瓜果配方(液態)-25k,,809,桶
28100010,蘇力菌 500g/罐,,810,公克
28100011,芽孢桿菌,,810,克
28100020,木黴菌,,810,克
28100030,黑僵菌,,810,克
28100040,氫氧化鉀,,810,克
28100050,亞磷酸,,810,克
28100060,農皂,,810,瓶
28100070,泡舒,,810,桶
28100080,純得牌甲殼素-罐/1公升,,810,公升
28100090,奶粉 25Kg/包,,810,包
28100091,奶粉/淨重2.2公斤,,810,罐
28100100,海藻粉 25kg,,810,包
28100110,矽藻土,,810,包
28100120,糖蜜 25kg/桶,,810,桶
28100130,達特寧,,810,克
28100140,黏著劑,,810,瓶
28100150,黏著劑(黃條葉蚤),,810,瓶
28100160,BVB 荷蘭精緻培養土 70公升,,810,包
28100161,BVB 荷蘭精緻培養土-含珍珠石,,810,包
28100162,BVB 荷蘭精緻培養土 70公升6D,,810,包
28100170,苦茶粕1包/30公斤,,810,公斤
28100180,粗糠,,810,包
28100190,根霸,,810,罐
28100200,棕梠灰,,810,包
28100210,碳化稻殼,,810,包
28100220,磷鈣鎂  1包/25KG,,810,包
28100230,土壤優化劑,,810,包
28100240,大補帖瓜果,,810,桶
28100250,天然防蟲液,,810,桶
28100260,硼鈣鎂微量,,810,包
28100270,苦楝油,,810,cc
28100280,農寶素,,810,包
28100290,礦物油(窄域油),,810,CC
28100300,矽土礦石粉-25k,,810,包
28100310,速建-吲哚丁酸500毫升（cc）,,810,cc
28100320,農寶素,,810,公斤
28100330,六條瓢蟲,,810,隻
28100340,百原胺股2號  液態500c.c. /瓶,,810,cc
28100350,陽田枯草1號溶磷菌肥料/1公斤,,810,克
28100360,護地寶苦楝粕,,810,公斤
28100370,壹條龍-粉狀5Kg,,810,公斤
28100380,鐵木真-粉狀1Kg,,810,公斤
28100390,小蘇打粉-(碳酸氫鈉),,810,公斤
28100410,糯米醋-規格600ml,,810,8L999
28100421,綜-小蘇打粉+食鹽+糯米醋,,810,CC
28100430,萬壽菊酵素,,810,CC
28100440,左手香酵素,,810,CC
28100450,咖啡酵素,,810,CC
28100460,石灰1包/16.5台斤,,810,台斤
28100470,煙薫水,,810,cc
28100480,綜-萬壽菊+左手香+咖啡+煙燻水,,810,cc
28100481,綜-C+萬壽菊+左手香+咖啡+煙燻,,810,CC
28100482,液肥-萬壽菊+左手香+咖啡酵素,,810,cc
28100483,綜-C配方+萬壽菊+左手香,,810,CC
28100484,魚精 25Kg/桶,,810,桶
28100485,VS-34 維生液 -罐/1公升,,810,公升
28100486,VS-共榮菌-包/10Kg,,810,公斤
28100487,植物性蛋白-包/10Kg,,810,公斤
28100500,亞磷酸,,810,克
28100501,氫氧化鉀,,810,克
28110010,蛋中雞飼料 1包/30公斤,,811,公斤
28110020,蛋雞強化飼料 1包/30公斤,,811,公斤
28110030,特級小雞飼料 1包/30公斤,,811,公斤
28110040,特級肉雞飼料 1包/30公斤,,811,公斤
28110050,小鴨飼料  1包/30公斤,,811,公斤
28110060,肉鴨飼料 1包/30公斤,,811,公斤
28110070,尼羅魚浮水3號 1包/30公斤,,811,公斤
28110080,鱸魚5號 1包/30公斤,,811,公斤
28110090,尼羅魚浮水4號 1包/30公斤,,811,公斤
28110100,石斑魚1號 1包/20公斤,,811,公斤
28110110,石斑魚6號 1包/20公斤,,811,公斤
28110120,鱸魚1號 1包/30公斤,,811,公斤
28110130,石斑魚5號 1包/20公斤,,811,公斤
28110140,尼羅魚浮水2號 1包/30公斤,,811,公斤
28110150,鱸魚2號 1包/30公斤,,811,公斤
28110160,鱸魚3號 1包/30公斤,,811,公斤
28110170,鱸魚4號 1包/30公斤,,811,公斤
28110180,高能小鴨 1包/30公斤,,811,公斤
28110190,蝦飼料,,811,公斤
28110200,蛤利料,,811,公斤
28110210,蝦中飼料,,811,公斤
28110220,米糠,,811,公斤
28110230,鰻粉,,811,公斤
28110240,electrosol oral 電解質  1公升/瓶,,811,瓶
28110250,雅士勇ASCOREQUIL 1公升/瓶,,811,瓶
28110260,鱸魚0號 1包/30公斤(金興牌),,811,公斤
28110270,尼羅魚配合飼料(沉水性-PM),,811,公斤
28120010,活動費-野炊體驗,,812,組
28120020,食農教育,,812,批
28120040,精品掛耳式咖啡 （10g*6入/盒）,,812,盒
28120050,精品咖啡豆 （半磅）,,812,袋
28120060,馬告紅茶 （5g*10入/盒）,,812,盒
28120070,咖啡葉烏龍茶(A+)（75g/包）,,812,包
28120071,咖啡葉烏龍茶-2.5g x8/包,,812,盒
28120080,森林紅茶綜-(A)（75g/包）,,812,包
28120081,生態紅茶-2.5g x8包/盒,,812,盒
28120090,白鷺綠茶-（76g/包）,,812,包
28121010,運費,,812,件
28121011,樹葡萄米香,,812,包
28140010,紅紫蘇,,814,克
28140020,青蒿,,814,克
28140030,康復力（聚合草）,,814,克
28140040,冇骨消 (接骨草),,814,克
28140050,鳳梨鼠尾草,,814,克
28140060,綠百里香（麝香草）,,814,克
28140070,檸檬馬鞭草,,814,克
28140080,水果鼠尾草又稱#桃子鼠尾草,,814,克
28140090,鼠尾草（紫色）,,814,克
28140100,魚腥草又稱蕺菜（折耳根）,,814,克
28140110,當歸,,814,克
28140120,黃金香蜂草,,814,克
28140130,歐芹別稱香芹、洋香菜,,814,克
28140140,刺芫荽（刺芹）,,814,克
28140150,紅酸模,,814,克
28140160,葡萄柚薄荷,,814,克
28140170,日本薄荷,,814,克
28140180,巧克力薄荷,,814,克
28140190,萊姆薄荷,,814,克
28140200,蘋果天竺葵,,814,克
28140210,孔雀天竺葵（備玫瑰的香氣）,,814,克
28140220,虎耳草 別名： 石荷葉,,814,克
28140230,白花蓍草（洋花蓍）,,814,克
28140240,咖哩樹（麻絞葉）,,814,克
28140250,甜菊,,814,克
28140260,廣藿香,,814,克
28140270,青（綠紫蘇）,,814,克
28140280,奧勒岡,,814,克
28140290,狗尾草,,814,克
28140310,文殊蘭,,814,克
28140320,艾草,,814,克
28140330,木芙蓉（根）,,814,克
28140340,茉莉花,,814,克
28140350,檸檬香蜂草,,814,克
28140360,檸檬百里香,,814,克
28140370,檸檬香茅,,814,克
28140380,迷迭香,,814,克
28140390,檸檬薄荷,,814,克
28140400,孤挺花（葉及鱗莖）,,814,克
28140410,杭菊,,814,克
28140420,左手香,,814,克
28140430,甜羅勒,,814,克
28150010,曝氣機,,815,台
28150020,水車,,815,台
28150021,水車-2馬力馬達,,815,台
28150022,水車-葉輪,,815,輪
28150030,火龍果黑網,,815,個
28150040,農地膜,,815,捲
28150050,美植袋,,815,只
28150060,油料-工作,,815,公升
28150070,油料-車用,,815,公升
28150080,金銀布,,815,捲
28150090,Brother Mfc-2700碳粉匣,,815,個
28150091,Brother Mfc-7340碳粉匣,,815,個
28150100,報表1P 9.5*11 全頁 雙不切（N）,,815,箱
28150101,報表2P9.5*11白黃中一刀 雙不切N,,815,箱
28150102,報表3P9.5*11白黃藍中一刀 不切,,815,箱
28150300,30入蛋盤 290*290*47,,815,個
28150310,包料35*40+底12cm 4圓孔+一般氣調,,815,個
28150320,AF-標籤貼紙60*58mm/600pcs,,815,卷
28150321,AF-標籤貼紙-全空白60*58mm/601pcs,,815,卷
28150330,10粒凹洞蛋盒,,815,個
28150331,4粒凹洞蛋盒,,815,個
28150332,6粒凹洞蛋盒,,815,個
28150333,10入平面蛋盒,,815,個
28150334,6入平面蛋盒,,815,個
28150340,穴盤36孔,,815,個
28150341,穴盤70孔,,815,個
28150342,穴盤128孔,,815,個
28150350,水餃-透明耐熱袋,,815,株
28150351,水餃-透明三面封袋,,815,只
28150352,水餃-抗凍營養標示,,815,張
28150360,F227/50-托盤23*17.5*5      320PCS/箱,,815,PCS
28150370,真空袋 150*400mm(81u),,815,個
28150371,真空袋 300*400mm(80u),,815,個
28150372,真空袋 250*450mm,,815,個
28150375,PE袋 75*105cm*0.08mm,,815,
28150380,園藝插牌6mm*3mm 1包/100PCS,,815,包
28150390,影印紙 70P A4 ABJCO 5包,,815,PCS
28150400,70孔穴盤,,815,PCS
28150410,（C）AX IC-4RD106食用墨水,,815,瓶
28150411,(C)AX MC-4RD106食用稀釋液,,815,瓶
28151010,桃紅色公版袋子35*34*6CM,,815,個
28159900,其他-水產,,815,隻
28159910,其他-雜支,,815,批
28159920,共識營,,815,批
28159940,其他-畜牧,,815,批
28159950,其他-機械,,815,批
28159960,其他-五金,,815,批
28159970,其他-無單,,815,批
28159980,其他-農用,,815,批
28159990,其他,,815,個
28160010,丸葉姬秋麗,,816,盆
28160020,加州夕陽,,816,盆
28160030,姬朧月,,816,盆
28160040,雅樂之舞,,816,盆
28160050,玉珠簾,,816,盆
28160060,千佛手,,816,盆
28160070,千兔耳,,816,盆
28160080,龍舌蘭,,816,盆
28160090,九輪塔,,816,盆
28160100,翡翠木,,816,盆
28160110,老樂,,816,盆
28160120,奧普琳娜,,816,盆
28160130,甲蟹,,816,盆
28160140,子寶,,816,盆
28160150,雙飛蝴蝶,,816,盆
28160160,春峰,,816,盆
28170010,咖啡铁皮卡,,817,斤
28170020,咖啡紅波,,817,斤
